{"cameraMode":{"drawMode":0,"name":"Shaded","section":"Shading Mode"},"sceneLighting":false,"audioPlay":false,"sceneViewState":{"showFog":true,"showMaterialUpdate":false,"showSkybox":false,"showFlares":true,"showImageEffects":true,"showParticleSystems":true},"in2DMode":false,"pivot":{"x":0.0002511143684387207,"y":0.965254545211792,"z":-0.2413964420557022},"rotation":{"x":-0.008161203935742379,"y":0.9895737767219544,"z":-0.13018466532230378,"w":-0.0615445040166378},"size":1.4290640354156495,"orthographic":false}