{"cameraMode":{"drawMode":0,"name":"Shaded","section":"Shading Mode"},"sceneLighting":true,"audioPlay":false,"sceneViewState":{"showFog":true,"showMaterialUpdate":false,"showSkybox":true,"showFlares":true,"showImageEffects":true,"showParticleSystems":true},"in2DMode":false,"pivot":{"x":-24.55434799194336,"y":4.012512683868408,"z":26.381938934326173},"rotation":{"x":0.0031882275361567737,"y":-0.053797364234924319,"z":-0.00013368844520300627,"w":-0.9985696077346802},"size":9.668243408203125,"orthographic":false}