{"cameraMode":{"drawMode":0,"name":"Shaded","section":"Shading Mode"},"sceneLighting":false,"audioPlay":false,"sceneViewState":{"showFog":true,"showMaterialUpdate":false,"showSkybox":false,"showFlares":true,"showImageEffects":true,"showParticleSystems":true},"in2DMode":false,"pivot":{"x":0.36627888679504397,"y":0.9592599868774414,"z":-0.84493488073349},"rotation":{"x":0.10140310227870941,"y":0.612244725227356,"z":-0.07966332137584686,"w":0.7801192402839661},"size":1.6389904022216797,"orthographic":false}