{"cameraMode":{"drawMode":0,"name":"Shaded","section":"Shading Mode"},"sceneLighting":false,"audioPlay":false,"sceneViewState":{"showFog":true,"showMaterialUpdate":false,"showSkybox":false,"showFlares":true,"showImageEffects":true,"showParticleSystems":true},"in2DMode":false,"pivot":{"x":4.164203643798828,"y":5.055147647857666,"z":-4.770384788513184},"rotation":{"x":0.10340060293674469,"y":-0.7897282838821411,"z":0.1386241912841797,"w":0.5886238813400269},"size":4.45211124420166,"orthographic":false}