{"cameraMode":{"drawMode":0,"name":"Shaded","section":"Shading Mode"},"sceneLighting":true,"audioPlay":false,"sceneViewState":{"showFog":true,"showMaterialUpdate":false,"showSkybox":false,"showFlares":true,"showImageEffects":true,"showParticleSystems":true},"in2DMode":false,"pivot":{"x":-0.008238017559051514,"y":0.1938610076904297,"z":1.1558959484100342},"rotation":{"x":-0.28756090998649599,"y":-0.4548027217388153,"z":0.1580353081226349,"w":-0.8279757499694824},"size":2.032139778137207,"orthographic":false}