{"cameraMode":{"drawMode":0,"name":"Shaded","section":"Shading Mode"},"sceneLighting":true,"audioPlay":false,"sceneViewState":{"showFog":false,"showMaterialUpdate":false,"showSkybox":false,"showFlares":false,"showImageEffects":false,"showParticleSystems":false},"in2DMode":false,"pivot":{"x":-5.563775062561035,"y":4.294037342071533,"z":-3.7889835834503176},"rotation":{"x":-0.2046448439359665,"y":0.6215222477912903,"z":-0.17307519912719727,"w":-0.7362543344497681},"size":5.499997138977051,"orthographic":false}