{"cameraMode":{"drawMode":0,"name":"Shaded","section":"Shading Mode"},"sceneLighting":false,"audioPlay":false,"sceneViewState":{"showFog":false,"showMaterialUpdate":true,"showSkybox":false,"showFlares":true,"showImageEffects":true,"showParticleSystems":true},"in2DMode":false,"pivot":{"x":1.5099999904632569,"y":1.8282760381698609,"z":-15.09000015258789},"rotation":{"x":0.08718311786651612,"y":-0.01902785524725914,"z":0.0020590287167578937,"w":0.9961079955101013},"size":1.6373955011367798,"orthographic":false}