{"cameraMode":{"drawMode":0,"name":"Shaded","section":"Shading Mode"},"sceneLighting":true,"audioPlay":false,"sceneViewState":{"showFog":false,"showMaterialUpdate":false,"showSkybox":false,"showFlares":false,"showImageEffects":false,"showParticleSystems":false},"in2DMode":false,"pivot":{"x":349.80303955078127,"y":45.10624694824219,"z":263.9502868652344},"rotation":{"x":-0.27875015139579775,"y":-0.32459756731987,"z":0.10053398460149765,"w":-0.8983544707298279},"size":172.78857421875,"orthographic":false}