{"cameraMode":{"drawMode":0,"name":"Shaded","section":"Shading Mode"},"sceneLighting":false,"audioPlay":false,"sceneViewState":{"showFog":false,"showMaterialUpdate":true,"showSkybox":false,"showFlares":true,"showImageEffects":true,"showParticleSystems":true},"in2DMode":false,"pivot":{"x":4.172325134277344e-7,"y":0.9616983532905579,"z":-0.019196003675460817},"rotation":{"x":-0.0041717542335391048,"y":0.9604626893997192,"z":0.014398208819329739,"w":0.27820152044296267},"size":1.3376102447509766,"orthographic":false}