{"cameraMode":{"drawMode":0,"name":"Shaded","section":"Shading Mode"},"sceneLighting":false,"audioPlay":false,"sceneViewState":{"showFog":false,"showMaterialUpdate":false,"showSkybox":false,"showFlares":false,"showImageEffects":false,"showParticleSystems":false},"in2DMode":false,"pivot":{"x":447.4347839355469,"y":17.41204071044922,"z":459.5080261230469},"rotation":{"x":0.0793006643652916,"y":0.920287013053894,"z":-0.28799745440483096,"w":0.2531498372554779},"size":0.8071895837783814,"orthographic":false}