{"cameraMode":{"drawMode":0,"name":"Shaded","section":"Shading Mode"},"sceneLighting":false,"audioPlay":false,"sceneViewState":{"showFog":false,"showMaterialUpdate":true,"showSkybox":false,"showFlares":true,"showImageEffects":true,"showParticleSystems":true},"in2DMode":false,"pivot":{"x":-0.02936410903930664,"y":1.0015259981155396,"z":-0.07723134756088257},"rotation":{"x":-0.0041717542335391048,"y":0.9604626893997192,"z":0.014398208819329739,"w":0.27820152044296267},"size":1.6734693050384522,"orthographic":false}