{"cameraMode":{"drawMode":0,"name":"Shaded","section":"Shading Mode"},"sceneLighting":true,"audioPlay":false,"sceneViewState":{"showFog":false,"showMaterialUpdate":true,"showSkybox":true,"showFlares":true,"showImageEffects":true,"showParticleSystems":true},"in2DMode":false,"pivot":{"x":0.40018510818481448,"y":1.5788469314575196,"z":-12.243681907653809},"rotation":{"x":-0.2595455050468445,"y":0.6257805824279785,"z":-0.2327941656112671,"w":-0.6978206038475037},"size":3.3193371295928957,"orthographic":false}