{"cameraMode":{"drawMode":0,"name":"Shaded","section":"Shading Mode"},"sceneLighting":false,"audioPlay":false,"sceneViewState":{"showFog":false,"showMaterialUpdate":true,"showSkybox":false,"showFlares":true,"showImageEffects":true,"showParticleSystems":true},"in2DMode":false,"pivot":{"x":-7.450580596923828e-8,"y":-0.0014436207711696625,"z":-0.021289438009262086},"rotation":{"x":-0.06154807284474373,"y":-0.8704132437705994,"z":0.11275891214609146,"w":-0.4754248857498169},"size":0.2430214285850525,"orthographic":false}