{"cameraMode":{"drawMode":0,"name":"Shaded","section":"Shading Mode"},"sceneLighting":true,"audioPlay":false,"sceneViewState":{"showFog":false,"showMaterialUpdate":true,"showSkybox":false,"showFlares":true,"showImageEffects":true,"showParticleSystems":true},"in2DMode":false,"pivot":{"x":0.0,"y":0.8899178504943848,"z":-12.753999710083008},"rotation":{"x":0.1095978245139122,"y":-0.8533713221549988,"z":0.1997160166501999,"w":0.46907758712768557},"size":12.12435531616211,"orthographic":false}