{"cameraMode":{"drawMode":0,"name":"Shaded","section":"Shading Mode"},"sceneLighting":true,"audioPlay":false,"sceneViewState":{"showFog":false,"showMaterialUpdate":true,"showSkybox":true,"showFlares":true,"showImageEffects":true,"showParticleSystems":true},"in2DMode":false,"pivot":{"x":103.82099151611328,"y":120.44751739501953,"z":151.51748657226563},"rotation":{"x":-0.15883852541446687,"y":0.8268170356750488,"z":-0.287667453289032,"w":-0.4566112160682678},"size":2.3000030517578127,"orthographic":false}