{"cameraMode":{"drawMode":0,"name":"Shaded","section":"Shading Mode"},"sceneLighting":false,"audioPlay":false,"sceneViewState":{"showFog":false,"showMaterialUpdate":true,"showSkybox":false,"showFlares":true,"showImageEffects":true,"showParticleSystems":true},"in2DMode":false,"pivot":{"x":-3.2079732418060304,"y":0.5848486423492432,"z":-0.30191516876220705},"rotation":{"x":-0.07451017200946808,"y":-0.6712181568145752,"z":0.06766136735677719,"w":-0.7345118522644043},"size":-0.8430215716362,"orthographic":false}