{"cameraMode":{"drawMode":0,"name":"Shaded","section":"Shading Mode"},"sceneLighting":false,"audioPlay":false,"sceneViewState":{"showFog":false,"showMaterialUpdate":false,"showSkybox":false,"showFlares":false,"showImageEffects":false,"showParticleSystems":false},"in2DMode":false,"pivot":{"x":2.3499999046325685,"y":3.8399999141693117,"z":0.9400001764297485},"rotation":{"x":-0.18373112380504609,"y":-0.07647984474897385,"z":0.014066694304347039,"w":-0.9799945950508118},"size":1.1090538501739503,"orthographic":false}