{"cameraMode":{"drawMode":0,"name":"Shaded","section":"Shading Mode"},"sceneLighting":false,"audioPlay":false,"sceneViewState":{"showFog":false,"showMaterialUpdate":true,"showSkybox":false,"showFlares":true,"showImageEffects":true,"showParticleSystems":true},"in2DMode":false,"pivot":{"x":0.6484240293502808,"y":2.7483038902282717,"z":-8.1730375289917},"rotation":{"x":-0.07487962394952774,"y":0.7619825005531311,"z":-0.08957448601722717,"w":-0.6370815634727478},"size":0.8230077624320984,"orthographic":false}