{"cameraMode":{"drawMode":0,"name":"Shaded","section":"Shading Mode"},"sceneLighting":true,"audioPlay":false,"sceneViewState":{"showFog":false,"showMaterialUpdate":true,"showSkybox":true,"showFlares":true,"showImageEffects":true,"showParticleSystems":true},"in2DMode":false,"pivot":{"x":0.790818452835083,"y":4.099999904632568,"z":-7.829999923706055},"rotation":{"x":-0.35457953810691836,"y":0.5565293431282044,"z":-0.28365790843963625,"w":-0.695846676826477},"size":1.4230073690414429,"orthographic":false}