{"cameraMode":{"drawMode":0,"name":"Shaded","section":"Shading Mode"},"sceneLighting":false,"audioPlay":false,"sceneViewState":{"showFog":false,"showMaterialUpdate":true,"showSkybox":false,"showFlares":true,"showImageEffects":true,"showParticleSystems":true},"in2DMode":false,"pivot":{"x":0.00006580352783203125,"y":0.9110293984413147,"z":-0.05609838664531708},"rotation":{"x":-0.0041717542335391048,"y":0.9604626893997192,"z":0.014398208819329739,"w":0.27820152044296267},"size":1.3268176317214966,"orthographic":false}