{"cameraMode":{"drawMode":0,"name":"Shaded","section":"Shading Mode"},"sceneLighting":false,"audioPlay":false,"sceneViewState":{"showFog":false,"showMaterialUpdate":true,"showSkybox":false,"showFlares":true,"showImageEffects":true,"showParticleSystems":true},"in2DMode":false,"pivot":{"x":-18.959999084472658,"y":1.690000057220459,"z":-19.530000686645509},"rotation":{"x":0.1694214940071106,"y":0.7628938555717468,"z":-0.22116412222385407,"w":0.5835696458816528},"size":10.0,"orthographic":false}