{"cameraMode":{"drawMode":0,"name":"Shaded","section":"Shading Mode"},"sceneLighting":false,"audioPlay":false,"sceneViewState":{"showFog":false,"showMaterialUpdate":true,"showSkybox":false,"showFlares":true,"showImageEffects":true,"showParticleSystems":true},"in2DMode":false,"pivot":{"x":-0.00004485808312892914,"y":0.034999996423721316,"z":-0.21000000834465028},"rotation":{"x":0.11469348520040512,"y":-0.7670406103134155,"z":0.1435932219028473,"w":0.6148679852485657},"size":0.2247796654701233,"orthographic":false}