{"cameraMode":{"drawMode":0,"name":"Shaded","section":"Shading Mode"},"sceneLighting":false,"audioPlay":false,"sceneViewState":{"showFog":false,"showMaterialUpdate":false,"showSkybox":false,"showFlares":false,"showImageEffects":false,"showParticleSystems":false},"in2DMode":false,"pivot":{"x":238.69967651367188,"y":109.443359375,"z":-382.260009765625},"rotation":{"x":0.09821780771017075,"y":-0.8263711333274841,"z":0.1524174064397812,"w":0.5333654880523682},"size":50.31877136230469,"orthographic":false}