{"cameraMode":{"drawMode":0,"name":"Shaded","section":"Shading Mode"},"sceneLighting":true,"audioPlay":false,"sceneViewState":{"showFog":false,"showMaterialUpdate":true,"showSkybox":true,"showFlares":true,"showImageEffects":true,"showParticleSystems":true},"in2DMode":false,"pivot":{"x":41.98319625854492,"y":-0.30843234062194826,"z":5.185286521911621},"rotation":{"x":0.10003866255283356,"y":0.8066684007644653,"z":-0.14288486540317536,"w":0.5647950172424316},"size":59.31368637084961,"orthographic":false}