{"cameraMode":{"drawMode":0,"name":"Shaded","section":"Shading Mode"},"sceneLighting":true,"audioPlay":false,"sceneViewState":{"showFog":false,"showMaterialUpdate":true,"showSkybox":true,"showFlares":true,"showImageEffects":true,"showParticleSystems":true},"in2DMode":false,"pivot":{"x":-9.000106811523438,"y":3.3854410648345949,"z":-4.040741920471191},"rotation":{"x":0.09675722569227219,"y":-0.8795857429504395,"z":0.41930368542671206,"w":0.20328032970428468},"size":47.53841018676758,"orthographic":false}