{"cameraMode":{"drawMode":0,"name":"Shaded","section":"Shading Mode"},"sceneLighting":true,"audioPlay":false,"sceneViewState":{"showFog":false,"showMaterialUpdate":true,"showSkybox":true,"showFlares":true,"showImageEffects":true,"showParticleSystems":true},"in2DMode":false,"pivot":{"x":-0.22817260026931764,"y":0.0,"z":-12.04112720489502},"rotation":{"x":-0.05621030926704407,"y":-0.9432311058044434,"z":0.21421097218990327,"w":-0.247605100274086},"size":2.3445522785186769,"orthographic":false}