{"cameraMode":{"drawMode":0,"name":"Shaded","section":"Shading Mode"},"sceneLighting":true,"audioPlay":false,"sceneViewState":{"showFog":false,"showMaterialUpdate":true,"showSkybox":true,"showFlares":true,"showImageEffects":true,"showParticleSystems":true},"in2DMode":false,"pivot":{"x":0.790688693523407,"y":1.5000004768371583,"z":-15.5600004196167},"rotation":{"x":-0.06115991622209549,"y":-0.9384218454360962,"z":0.2234857976436615,"w":-0.2565946578979492},"size":1.6420891284942628,"orthographic":false}