{"cameraMode":{"drawMode":0,"name":"Shaded","section":"Shading Mode"},"sceneLighting":false,"audioPlay":false,"sceneViewState":{"showFog":false,"showMaterialUpdate":true,"showSkybox":false,"showFlares":true,"showImageEffects":true,"showParticleSystems":true},"in2DMode":false,"pivot":{"x":137.01626586914063,"y":1.2378759384155274,"z":-6.997304439544678},"rotation":{"x":0.16523028910160066,"y":-0.7024043798446655,"z":0.17334894835948945,"w":0.6704115271568298},"size":16.17491340637207,"orthographic":false}