{"cameraMode":{"drawMode":0,"name":"Shaded","section":"Shading Mode"},"sceneLighting":false,"audioPlay":false,"sceneViewState":{"showFog":false,"showMaterialUpdate":false,"showSkybox":false,"showFlares":false,"showImageEffects":false,"showParticleSystems":false},"in2DMode":false,"pivot":{"x":0.0,"y":1.021223783493042,"z":0.0032030045986175539},"rotation":{"x":0.09821780771017075,"y":-0.8263711333274841,"z":0.1524174064397812,"w":0.5333654880523682},"size":1.186474323272705,"orthographic":false}