{"cameraMode":{"drawMode":0,"name":"Shaded","section":"Shading Mode"},"sceneLighting":true,"audioPlay":false,"sceneViewState":{"showFog":false,"showMaterialUpdate":true,"showSkybox":true,"showFlares":true,"showImageEffects":true,"showParticleSystems":true},"in2DMode":false,"pivot":{"x":0.3254929780960083,"y":3.0971126556396486,"z":-4.052578926086426},"rotation":{"x":-0.06115991622209549,"y":-0.9384218454360962,"z":0.2234857976436615,"w":-0.2565946578979492},"size":0.4897107779979706,"orthographic":false}