{"cameraMode":{"drawMode":0,"name":"Shaded","section":"Shading Mode"},"sceneLighting":false,"audioPlay":false,"sceneViewState":{"showFog":false,"showMaterialUpdate":true,"showSkybox":false,"showFlares":true,"showImageEffects":true,"showParticleSystems":true},"in2DMode":false,"pivot":{"x":73.04949951171875,"y":7.17313289642334,"z":14.60300064086914},"rotation":{"x":0.025026176124811174,"y":0.907486081123352,"z":-0.41597989201545718,"w":0.05450865998864174},"size":6.646397590637207,"orthographic":false}