{"cameraMode":{"drawMode":0,"name":"Shaded","section":"Shading Mode"},"sceneLighting":false,"audioPlay":false,"sceneViewState":{"showFog":false,"showMaterialUpdate":false,"showSkybox":false,"showFlares":false,"showImageEffects":false,"showParticleSystems":false},"in2DMode":false,"pivot":{"x":2.8760297298431398,"y":4.898312568664551,"z":-5.5091400146484379},"rotation":{"x":-0.21227827668190003,"y":-0.7833465337753296,"z":0.36231353878974917,"w":-0.45852166414260867},"size":0.9977223873138428,"orthographic":false}