{"cameraMode":{"drawMode":0,"name":"Shaded","section":"Shading Mode"},"sceneLighting":false,"audioPlay":false,"sceneViewState":{"showFog":false,"showMaterialUpdate":false,"showSkybox":false,"showFlares":false,"showImageEffects":false,"showParticleSystems":false},"in2DMode":false,"pivot":{"x":2.4558920860290529,"y":-0.7241374254226685,"z":2.9109878540039064},"rotation":{"x":-0.25609636306762698,"y":-0.7156265377998352,"z":0.3252970278263092,"w":-0.5627342462539673},"size":1.9471312761306763,"orthographic":false}