{"cameraMode":{"drawMode":0,"name":"Shaded","section":"Shading Mode"},"sceneLighting":false,"audioPlay":false,"sceneViewState":{"showFog":false,"showMaterialUpdate":true,"showSkybox":false,"showFlares":true,"showImageEffects":true,"showParticleSystems":true},"in2DMode":false,"pivot":{"x":0.18606901168823243,"y":-0.5201497077941895,"z":-17.770166397094728},"rotation":{"x":0.06147433817386627,"y":-0.9168663024902344,"z":0.15584392845630647,"w":0.362579882144928},"size":10.194228172302246,"orthographic":false}