{"cameraMode":{"drawMode":0,"name":"Shaded","section":"Shading Mode"},"sceneLighting":false,"audioPlay":false,"sceneViewState":{"showFog":false,"showMaterialUpdate":true,"showSkybox":false,"showFlares":true,"showImageEffects":true,"showParticleSystems":true},"in2DMode":false,"pivot":{"x":73.73057556152344,"y":8.952463150024414,"z":22.579853057861329},"rotation":{"x":0.13571150600910188,"y":0.8607019186019898,"z":-0.30135655403137209,"w":0.38746193051338198},"size":6.646397590637207,"orthographic":false}