{"cameraMode":{"drawMode":0,"name":"Shaded","section":"Shading Mode"},"sceneLighting":false,"audioPlay":false,"sceneViewState":{"showFog":false,"showMaterialUpdate":false,"showSkybox":false,"showFlares":false,"showImageEffects":false,"showParticleSystems":false},"in2DMode":false,"pivot":{"x":-23.11748695373535,"y":0.8398873805999756,"z":-6.432568550109863},"rotation":{"x":-0.107537642121315,"y":0.6442763209342957,"z":-0.0924946591258049,"w":-0.7516520619392395},"size":2.982614755630493,"orthographic":false}