{"cameraMode":{"drawMode":0,"name":"Shaded","section":"Shading Mode"},"sceneLighting":false,"audioPlay":false,"sceneViewState":{"showFog":false,"showMaterialUpdate":true,"showSkybox":false,"showFlares":true,"showImageEffects":true,"showParticleSystems":true},"in2DMode":false,"pivot":{"x":0.0002511143684387207,"y":0.965254545211792,"z":-0.2413964420557022},"rotation":{"x":-0.003887753002345562,"y":0.9288728833198547,"z":0.009743519127368927,"w":0.37039822340011599},"size":1.4290640354156495,"orthographic":false}