{"cameraMode":{"drawMode":0,"name":"Shaded","section":"Shading Mode"},"sceneLighting":false,"audioPlay":false,"sceneViewState":{"showFog":false,"showMaterialUpdate":true,"showSkybox":false,"showFlares":true,"showImageEffects":true,"showParticleSystems":true},"in2DMode":false,"pivot":{"x":-32.826026916503909,"y":6.499024868011475,"z":53.435943603515628},"rotation":{"x":0.058083426207304,"y":-0.9409518837928772,"z":0.21423055231571198,"w":0.2559618055820465},"size":20.150911331176759,"orthographic":false}