{"cameraMode":{"drawMode":0,"name":"Shaded","section":"Shading Mode"},"sceneLighting":true,"audioPlay":false,"sceneViewState":{"showFog":false,"showMaterialUpdate":true,"showSkybox":true,"showFlares":true,"showImageEffects":true,"showParticleSystems":true},"in2DMode":false,"pivot":{"x":0.0002511143684387207,"y":1.5052545070648194,"z":-21.801395416259767},"rotation":{"x":-0.04928276315331459,"y":0.7557489275932312,"z":-0.05725253373384476,"w":-0.6505851149559021},"size":1.4290640354156495,"orthographic":false}