{"cameraMode":{"drawMode":0,"name":"Shaded","section":"Shading Mode"},"sceneLighting":false,"audioPlay":false,"sceneViewState":{"showFog":false,"showMaterialUpdate":true,"showSkybox":false,"showFlares":true,"showImageEffects":true,"showParticleSystems":true},"in2DMode":false,"pivot":{"x":0.0002511143684387207,"y":1.3592545986175538,"z":-11.163396835327149},"rotation":{"x":0.0037414077669382097,"y":0.9938287138938904,"z":-0.10654974728822708,"w":0.03331969678401947},"size":1.4290640354156495,"orthographic":false}