{"cameraMode":{"drawMode":0,"name":"Shaded","section":"Shading Mode"},"sceneLighting":false,"audioPlay":false,"sceneViewState":{"showFog":false,"showMaterialUpdate":false,"showSkybox":false,"showFlares":false,"showImageEffects":false,"showParticleSystems":false},"in2DMode":false,"pivot":{"x":631.5999755859375,"y":48.99418258666992,"z":250.10000610351563},"rotation":{"x":0.09821780771017075,"y":-0.8263711333274841,"z":0.1524174064397812,"w":0.5333654880523682},"size":49.06757736206055,"orthographic":false}