{"cameraMode":{"drawMode":0,"name":"Shaded","section":"Shading Mode"},"sceneLighting":false,"audioPlay":false,"sceneViewState":{"showFog":false,"showMaterialUpdate":false,"showSkybox":false,"showFlares":false,"showImageEffects":false,"showParticleSystems":false},"in2DMode":false,"pivot":{"x":-0.05263042822480202,"y":2.5139384269714357,"z":4.39394474029541},"rotation":{"x":-0.107537642121315,"y":0.6442763209342957,"z":-0.0924946591258049,"w":-0.7516520619392395},"size":5.062562942504883,"orthographic":false}