{"cameraMode":{"drawMode":0,"name":"Shaded","section":"Shading Mode"},"sceneLighting":false,"audioPlay":false,"sceneViewState":{"showFog":false,"showMaterialUpdate":true,"showSkybox":false,"showFlares":true,"showImageEffects":true,"showParticleSystems":true},"in2DMode":false,"pivot":{"x":-62.91999816894531,"y":2.130000114440918,"z":-6.889999866485596},"rotation":{"x":0.08268246799707413,"y":-0.9122267365455627,"z":0.2294018715620041,"w":0.32947713136672976},"size":1.2990386486053467,"orthographic":false}