{"cameraMode":{"drawMode":0,"name":"Shaded","section":"Shading Mode"},"sceneLighting":true,"audioPlay":true,"sceneViewState":{"showFog":false,"showMaterialUpdate":true,"showSkybox":true,"showFlares":true,"showImageEffects":true,"showParticleSystems":true},"in2DMode":false,"pivot":{"x":-56.14720916748047,"y":-5.497076034545898,"z":6.86484956741333},"rotation":{"x":0.12453505396842957,"y":0.5959538221359253,"z":-0.09424123913049698,"w":0.7877357602119446},"size":5.138538360595703,"orthographic":false}