{"cameraMode":{"drawMode":0,"name":"Shaded","section":"Shading Mode"},"sceneLighting":true,"audioPlay":false,"sceneViewState":{"showFog":false,"showMaterialUpdate":true,"showSkybox":true,"showFlares":true,"showImageEffects":true,"showParticleSystems":true},"in2DMode":false,"pivot":{"x":0.0002511143684387207,"y":1.3592545986175538,"z":-16.161396026611329},"rotation":{"x":0.1095978245139122,"y":-0.8533713221549988,"z":0.1997160166501999,"w":0.46907758712768557},"size":4.16218376159668,"orthographic":false}