{"cameraMode":{"drawMode":0,"name":"Shaded","section":"Shading Mode"},"sceneLighting":false,"audioPlay":false,"sceneViewState":{"showFog":false,"showMaterialUpdate":true,"showSkybox":false,"showFlares":true,"showImageEffects":true,"showParticleSystems":true},"in2DMode":false,"pivot":{"x":-0.1531715989112854,"y":0.9399421215057373,"z":0.08037805557250977},"rotation":{"x":0.003963188733905554,"y":-0.9961045384407044,"z":0.06134664639830589,"w":0.06409192830324173},"size":1.3371238708496094,"orthographic":false}