{"cameraMode":{"drawMode":0,"name":"Shaded","section":"Shading Mode"},"sceneLighting":false,"audioPlay":false,"sceneViewState":{"showFog":false,"showMaterialUpdate":true,"showSkybox":false,"showFlares":true,"showImageEffects":true,"showParticleSystems":true},"in2DMode":false,"pivot":{"x":0.0,"y":0.001214105635881424,"z":-0.011115998029708863},"rotation":{"x":-0.06154807284474373,"y":-0.8704132437705994,"z":0.11275891214609146,"w":-0.4754248857498169},"size":0.25049394369125368,"orthographic":false}