{"cameraMode":{"drawMode":0,"name":"Shaded","section":"Shading Mode"},"sceneLighting":false,"audioPlay":false,"sceneViewState":{"showFog":false,"showMaterialUpdate":true,"showSkybox":false,"showFlares":true,"showImageEffects":true,"showParticleSystems":true},"in2DMode":false,"pivot":{"x":-0.00002378225326538086,"y":0.9209691286087036,"z":-0.05213882774114609},"rotation":{"x":-0.0041717542335391048,"y":0.9604626893997192,"z":0.014398208819329739,"w":0.27820152044296267},"size":1.3365663290023804,"orthographic":false}