{"cameraMode":{"drawMode":0,"name":"Shaded","section":"Shading Mode"},"sceneLighting":false,"audioPlay":false,"sceneViewState":{"showFog":false,"showMaterialUpdate":false,"showSkybox":false,"showFlares":false,"showImageEffects":false,"showParticleSystems":false},"in2DMode":false,"pivot":{"x":0.0,"y":0.8274999856948853,"z":1.6154999732971192},"rotation":{"x":-0.11732969433069229,"y":0.8786041140556336,"z":-0.2803958058357239,"w":-0.36859020590782168},"size":1.8151158094406129,"orthographic":false}