{"cameraMode":{"drawMode":0,"name":"Shaded","section":"Shading Mode"},"sceneLighting":true,"audioPlay":false,"sceneViewState":{"showFog":false,"showMaterialUpdate":false,"showSkybox":false,"showFlares":false,"showImageEffects":false,"showParticleSystems":false},"in2DMode":false,"pivot":{"x":835.9241943359375,"y":23.796043395996095,"z":97.14496612548828},"rotation":{"x":0.12287034094333649,"y":-0.3678324520587921,"z":0.04941606521606445,"w":0.9205484986305237},"size":3.003382444381714,"orthographic":false}