{"cameraMode":{"drawMode":0,"name":"Shaded","section":"Shading Mode"},"sceneLighting":false,"audioPlay":false,"sceneViewState":{"showFog":false,"showMaterialUpdate":true,"showSkybox":false,"showFlares":true,"showImageEffects":true,"showParticleSystems":true},"in2DMode":false,"pivot":{"x":0.0035487785935401918,"y":-0.00007492303848266602,"z":0.18957550823688508},"rotation":{"x":0.08268246799707413,"y":-0.9122267365455627,"z":0.2294018715620041,"w":0.32947713136672976},"size":2.318690538406372,"orthographic":false}