{"cameraMode":{"drawMode":0,"name":"Shaded","section":"Shading Mode"},"sceneLighting":false,"audioPlay":false,"sceneViewState":{"showFog":false,"showMaterialUpdate":false,"showSkybox":false,"showFlares":false,"showImageEffects":false,"showParticleSystems":false},"in2DMode":false,"pivot":{"x":373.11456298828127,"y":17.124732971191408,"z":475.12603759765627},"rotation":{"x":0.09821780771017075,"y":-0.8263711333274841,"z":0.1524174064397812,"w":0.5333654880523682},"size":0.5067532658576965,"orthographic":false}