{"cameraMode":{"drawMode":0,"name":"Shaded","section":"Shading Mode"},"sceneLighting":true,"audioPlay":false,"sceneViewState":{"showFog":false,"showMaterialUpdate":true,"showSkybox":true,"showFlares":true,"showImageEffects":true,"showParticleSystems":true},"in2DMode":false,"pivot":{"x":4.550561904907227,"y":1.3849754333496094,"z":-25.619224548339845},"rotation":{"x":-0.05621030926704407,"y":-0.9432311058044434,"z":0.21421097218990327,"w":-0.247605100274086},"size":39.58137512207031,"orthographic":false}