{"cameraMode":{"drawMode":0,"name":"Shaded","section":"Shading Mode"},"sceneLighting":false,"audioPlay":false,"sceneViewState":{"showFog":false,"showMaterialUpdate":true,"showSkybox":false,"showFlares":true,"showImageEffects":true,"showParticleSystems":true},"in2DMode":false,"pivot":{"x":0.0002511143684387207,"y":1.3592545986175538,"z":-11.163396835327149},"rotation":{"x":-0.041380636394023898,"y":0.8242955207824707,"z":-0.061045076698064807,"w":-0.5614890456199646},"size":1.4290640354156495,"orthographic":false}